uploaded_variation,chr,pos,ref,alt,feature,consequence,c_dna_position,cds_position,protein_position,start_PP,end_PP,amino_acids,hgv_sp,VEP_NMDesc,strand,res_aenmd.is_ptc,res_aenmd.is_last,res_aenmd.is_penultimate,res_aenmd.is_cssProximal,res_aenmd.is_single,res_aenmd.is_407plus,clinsig,type,AENMD_NMDesc_VEPrules,Purpose,QC_Result
5_42629069_G_A,5,42629069,G,A,ENST00000230882,stop_gained,630,102,34,34,NA,W/*,ENSP00000230882.4:p.Trp34Ter,NA,1,TRUE,FALSE,FALSE,TRUE,FALSE,FALSE,Pathogenic,snv,TRUE,CSS proximal rule check.,"Expected, within first 34 AA (AENMD) but not 100bp (VEP)"
2_214809468_C_T,2,214809468,C,T,ENST00000613706,stop_gained,216,102,34,34,NA,W/*,ENSP00000484976.2:p.Trp34Ter,NA,-1,TRUE,FALSE,FALSE,TRUE,FALSE,FALSE,Pathogenic/Likely_pathogenic,snv,TRUE,CSS proximal rule check.,"Expected, within first 34 AA (AENMD) but not 100bp (VEP)"
9_21971038_GC_AA,9,21971038,GC,AA,ENST00000579755,stop_gained,424-425,363-364,121-122,121,122,AR/A*,ENSP00000462950.1:p.Arg122Ter,NA,-1,TRUE,TRUE,FALSE,FALSE,FALSE,FALSE,Uncertain_significance,sbs,TRUE,Final Exon rule check.,"Expected, contained within the final exon."
7_19116903_G_GAGGGCAGCGTGGGGATGATCT,7,19116903,G,GAGGGCAGCGTGGGGATGATCT,ENST00000242261,stop_gained,733-734,418-419,140,140,NA,S/*IIPTLPS,ENSP00000242261.5:p.Pro139_Ser140insTer,NA,-1,TRUE,TRUE,FALSE,FALSE,FALSE,TRUE,Pathogenic,ins,TRUE,Final Exon rule check.,"Expected, contained within the final exon."
7_19117013_G_GT,7,19117013,G,GT,ENST00000242261,"stop_gained,frameshift_variant",623-624,308-309,103,103,NA,Y/*,ENSP00000242261.5:p.Tyr103Ter,NA,-1,TRUE,TRUE,FALSE,FALSE,FALSE,TRUE,Pathogenic,ins,TRUE,Final Exon rule check.,"Expected, contained within the final exon."
21_46137006_A_T,21,46137006,A,T,ENST00000291670,stop_gained,1651,1607,536,536,NA,L/*,ENSP00000291670.5:p.Leu536Ter,NA,-1,TRUE,TRUE,FALSE,FALSE,FALSE,FALSE,Conflicting_interpretations_of_pathogenicity,snv,TRUE,Final Exon rule check.,"Expected, contained within the final exon."
12_91055447_G_A,12,91055447,G,A,ENST00000266719,stop_gained,1124,835,279,279,NA,R/*,ENSP00000266719.3:p.Arg279Ter,NA,-1,TRUE,FALSE,TRUE,FALSE,FALSE,TRUE,Pathogenic,snv,TRUE,50bp Penultimate Exon rule check.,"Expected, contained final 50bp of the penultimate exon."
9_6534735_A_AT,9,6534735,A,AT,ENST00000321612,"stop_gained,frameshift_variant",3121-3122,2891-2892,964,964,NA,Y/*,ENSP00000370737.4:p.Tyr964Ter,NA,-1,TRUE,FALSE,TRUE,FALSE,FALSE,FALSE,Likely_pathogenic,ins,TRUE,50bp Penultimate Exon rule check.,"Expected, contained final 50bp of the penultimate exon."
7_92201326_A_AATTT,7,92201326,A,AATTT,ENST00000412043,"stop_gained,frameshift_variant",2911-2912,2122-2123,708,708,NA,F/*IX,ENSP00000410909.2:p.Phe708Ter,NA,-1,TRUE,FALSE,TRUE,FALSE,FALSE,FALSE,Likely_pathogenic,ins,TRUE,50bp Penultimate Exon rule check.,"Expected, contained final 50bp of the penultimate exon."
6_42964837_TCAGAG_T,6,42964837,TCAGAG,T,ENST00000304611,"stop_gained,frameshift_variant",2785-2789,2754-2758,918-920,918,920,CSD/*,ENSP00000303511.8:p.Cys918Ter,NA,-1,TRUE,FALSE,TRUE,FALSE,FALSE,FALSE,Pathogenic,del,TRUE,50bp Penultimate Exon rule check.,"Expected, contained final 50bp of the penultimate exon."
7_30019003_TTAG_T,7,30019003,TTAG,T,ENST00000222803,"stop_gained,inframe_deletion",661-663,467-469,156-157,156,157,SK/*,ENSP00000222803.5:p.Ser156_Lys157delinsTer,NA,-1,TRUE,FALSE,TRUE,FALSE,FALSE,FALSE,Uncertain_significance,del,TRUE,50bp Penultimate Exon rule check.,"Expected, contained final 50bp of the penultimate exon."
4_5565268_TC_AA,4,5565268,TC,AA,ENST00000344408,stop_gained,3694-3695,3648-3649,1216-1217,1216,1217,KR/N*,ENSP00000342144.5:p.Lys1216_Arg1217delinsAsnTer,NA,-1,TRUE,FALSE,TRUE,FALSE,FALSE,FALSE,Pathogenic,sbs,TRUE,50bp Penultimate Exon rule check.,"Expected, contained final 50bp of the penultimate exon."
